Workbook

Sheet SPY_daily
A1: Date | B1: Close | C1: Volume | D1: month
A2: 42600 | B2: 189.019 | C2: 61031752 | D2: =TEXT(A2,"YYYY-MM") -> 2016-08
A3: 42601 | B3: 188.76 | C3: 87115047 | D3: =TEXT(A3,"YYYY-MM") -> 2016-08
A4: 42604 | B4: 188.76 | C4: 70992759 | D4: =TEXT(A4,"YYYY-MM") -> 2016-08
A5: 42605 | B5: 189.104 | C5: 61698987 | D5: =TEXT(A5,"YYYY-MM") -> 2016-08
A6: 42606 | B6: 188.186 | C6: 82843902 | D6: =TEXT(A6,"YYYY-MM") -> 2016-08
A7: 42607 | B7: 188.061 | C7: 80037994 | D7: =TEXT(A7,"YYYY-MM") -> 2016-08
A8: 42608 | B8: 187.679 | C8: 141696690 | D8: =TEXT(A8,"YYYY-MM") -> 2016-08
A9: 42611 | B9: 188.617 | C9: 81543603 | D9: =TEXT(A9,"YYYY-MM") -> 2016-08
A10: 42612 | B10: 188.31 | C10: 66674734 | D10: =TEXT(A10,"YYYY-MM") -> 2016-08
A11: 42613 | B11: 187.766 | C11: 98324717 | D11: =TEXT(A11,"YYYY-MM") -> 2016-08
A12: 42614 | B12: 187.775 | C12: 113169253 | D12: =TEXT(A12,"YYYY-MM") -> 2016-09
A13: 42615 | B13: 188.617 | C13: 91625300 | D13: =TEXT(A13,"YYYY-MM") -> 2016-09
... A2357: 46022 | B2357: 681.92 | C2357: 74144801 | D2357: =TEXT(A2357,"YYYY-MM") -> 2025-12

Sheet SPY_monthly
A1: {=UNIQUE(SPY_daily!D:D)} -> month | B1: price_avg | C1: spy_index_rare | D1: spy_return
A2: 2016-08 | B2: =AVERAGEIF(SPY_daily!D:D, A2, SPY_daily!B:B) -> 188.4262 | D2: =(B3-B2)/B2 -> -0.0085417299
A3: 2016-09 | B3: =AVERAGEIF(SPY_daily!D:D, A3, SPY_daily!B:B) -> 186.81671 | D3: =(B4-B3)/B3 -> -0.0052243719
A4: 2016-10 | B4: =AVERAGEIF(SPY_daily!D:D, A4, SPY_daily!B:B) -> 185.84071 | D4: =(B5-B4)/B4 -> 0.012099455
A5: 2016-11 | B5: =AVERAGEIF(SPY_daily!D:D, A5, SPY_daily!B:B) -> 188.08929 | D5: =(B6-B5)/B5 -> 0.039697459
A6: 2016-12 | B6: =AVERAGEIF(SPY_daily!D:D, A6, SPY_daily!B:B) -> 195.55595 | D6: =(B7-B6)/B6 -> 0.013938198
A7: 2017-01 | B7: =AVERAGEIF(SPY_daily!D:D, A7, SPY_daily!B:B) -> 198.28165 | D7: =(B8-B7)/B7 -> 0.025568268
A8: 2017-02 | B8: =AVERAGEIF(SPY_daily!D:D, A8, SPY_daily!B:B) -> 203.35137 | D8: =(B9-B8)/B8 -> 0.017866382
A9: 2017-03 | B9: =AVERAGEIF(SPY_daily!D:D, A9, SPY_daily!B:B) -> 206.98452 | D9: =(B10-B9)/B9 -> -0.0018516292
A10: 2017-04 | B10: =AVERAGEIF(SPY_daily!D:D, A10, SPY_daily!B:B) -> 206.60126 | D10: =(B11-B10)/B10 -> 0.016788864
A11: 2017-05 | B11: =AVERAGEIF(SPY_daily!D:D, A11, SPY_daily!B:B) -> 210.06986 | D11: =(B12-B11)/B11 -> 0.018124706
A12: 2017-06 | B12: =AVERAGEIF(SPY_daily!D:D, A12, SPY_daily!B:B) -> 213.87732 | D12: =(B13-B12)/B12 -> 0.0097239475
A13: 2017-07 | B13: =AVERAGEIF(SPY_daily!D:D, A13, SPY_daily!B:B) -> 215.95705 | D13: =(B14-B13)/B13 -> 0.0023786634
... A59: 2021-05 | B59: =AVERAGEIF(SPY_daily!D:D, A59, SPY_daily!B:B) -> 392.94565 | D59: =(B60-B59)/B59 -> 0.018214953
A60: 2021-06 | B60: =AVERAGEIF(SPY_daily!D:D, A60, SPY_daily!B:B) -> 400.10314 | C60: =B60/$B$60*100 -> 100 | D60: =(B61-B60)/B60 -> 0.030620216
A61: 2021-07 | B61: =AVERAGEIF(SPY_daily!D:D, A61, SPY_daily!B:B) -> 412.35438 | C61: =B61/$B$60*100 -> 103.06202 | D61: =(B62-B61)/B61 -> 0.021662151
A62: 2021-08 | B62: =AVERAGEIF(SPY_daily!D:D, A62, SPY_daily!B:B) -> 421.28686 | C62: =B62/$B$60*100 -> 105.29457 | D62: =(B63-B62)/B62 -> -0.00066758452
A63: 2021-09 | B63: =AVERAGEIF(SPY_daily!D:D, A63, SPY_daily!B:B) -> 421.00562 | C63: =B63/$B$60*100 -> 105.22427 | D63: =(B64-B63)/B63 -> 0.0043431159
A64: 2021-10 | B64: =AVERAGEIF(SPY_daily!D:D, A64, SPY_daily!B:B) -> 422.8341 | C64: =B64/$B$60*100 -> 105.68127 | D64: =(B65-B64)/B64 -> 0.047289852
A65: 2021-11 | B65: =AVERAGEIF(SPY_daily!D:D, A65, SPY_daily!B:B) -> 442.82986 | C65: =B65/$B$60*100 -> 110.67893 | D65: =(B66-B65)/B65 -> 0.0030123557
A66: 2021-12 | B66: =AVERAGEIF(SPY_daily!D:D, A66, SPY_daily!B:B) -> 444.16382 | C66: =B66/$B$60*100 -> 111.01233 | D66: =(B67-B66)/B66 -> -0.020769743
A67: 2022-01 | B67: =AVERAGEIF(SPY_daily!D:D, A67, SPY_daily!B:B) -> 434.93865 | C67: =B67/$B$60*100 -> 108.70663 | D67: =(B68-B67)/B67 -> -0.029188188
A68: 2022-02 | B68: =AVERAGEIF(SPY_daily!D:D, A68, SPY_daily!B:B) -> 422.24358 | C68: =B68/$B$60*100 -> 105.53368 | D68: =(B69-B68)/B68 -> -0.0085349784
A69: 2022-03 | B69: =AVERAGEIF(SPY_daily!D:D, A69, SPY_daily!B:B) -> 418.63974 | C69: =B69/$B$60*100 -> 104.63296 | D69: =(B70-B69)/B69 -> 0.00095633747
A70: 2022-04 | B70: =AVERAGEIF(SPY_daily!D:D, A70, SPY_daily!B:B) -> 419.0401 | C70: =B70/$B$60*100 -> 104.73302 | D70: =(B71-B70)/B70 -> -0.07875222
A71: 2022-05 | B71: =AVERAGEIF(SPY_daily!D:D, A71, SPY_daily!B:B) -> 386.03976 | C71: =B71/$B$60*100 -> 96.485063 | D71: =(B72-B71)/B71 -> -0.033398978
... A113: 2025-11 | B113: =AVERAGEIF(SPY_daily!D:D, A113, SPY_daily!B:B) -> 672.42053 | C113: =B113/$B$60*100 -> 168.0618 | D113: =(B114-B113)/B113 -> 0.016629773
A114: 2025-12 | B114: =AVERAGEIF(SPY_daily!D:D, A114, SPY_daily!B:B) -> 683.60273 | C114: =B114/$B$60*100 -> 170.85663

Sheet gamma2_daily
A1: date | B1: volume | C1: price_usd | D1: month
A2: 42600 | B2: 53561 | C2: 6.067 | D2: =TEXT(A2,"YYYY-MM") -> 2016-08
A3: 42601 | B3: 50523 | C3: 3.38 | D3: =TEXT(A3,"YYYY-MM") -> 2016-08
A4: 42602 | B4: 49860 | C4: 2.37 | D4: =TEXT(A4,"YYYY-MM") -> 2016-08
A5: 42603 | B5: 52561 | C5: 1.911 | D5: =TEXT(A5,"YYYY-MM") -> 2016-08
A6: 42604 | B6: 49667 | C6: 1.589 | D6: =TEXT(A6,"YYYY-MM") -> 2016-08
A7: 42605 | B7: 48270 | C7: 1.466 | D7: =TEXT(A7,"YYYY-MM") -> 2016-08
A8: 42606 | B8: 49827 | C8: 1.453 | D8: =TEXT(A8,"YYYY-MM") -> 2016-08
A9: 42607 | B9: 51698 | C9: 1.366 | D9: =TEXT(A9,"YYYY-MM") -> 2016-08
A10: 42608 | B10: 49327 | C10: 1.352 | D10: =TEXT(A10,"YYYY-MM") -> 2016-08
A11: 42609 | B11: 49189 | C11: 1.131 | D11: =TEXT(A11,"YYYY-MM") -> 2016-08
A12: 42610 | B12: 49980 | C12: 0.999 | D12: =TEXT(A12,"YYYY-MM") -> 2016-08
A13: 42611 | B13: 49326 | C13: 0.896 | D13: =TEXT(A13,"YYYY-MM") -> 2016-08
... A3424: 46022 | B3424: 3668 | C3424: 5.58 | D3424: =TEXT(A3424,"YYYY-MM") -> 2025-12

Sheet gamma2_monthly
A1: Month | B1: Price_Avg | C1: price_return | D1: Volume_Total | E1: Cases_Opened | F1: consumption_ratio | G1: gamma2_index_rare
A2: {=UNIQUE(gamma2_daily!D2:D1000)} -> 2016-08 | B2: =ROUND(AVERAGEIF(gamma2_daily!D:D,A2,gamma2_daily!C:C),3) -> 1.848 | C2: =(B3-B2)/B2 -> -0.67911255 | D2: =SUMIF(gamma2_daily!D:D,A2,gamma2_daily!B:B) -> 695274
A3: 2016-09 | B3: =ROUND(AVERAGEIF(gamma2_daily!D:D,A3,gamma2_daily!C:C),3) -> 0.593 | C3: =(B4-B3)/B3 -> -0.5143339 | D3: =SUMIF(gamma2_daily!D:D,A3,gamma2_daily!B:B) -> 1373081
A4: 2016-10 | B4: =ROUND(AVERAGEIF(gamma2_daily!D:D,A4,gamma2_daily!C:C),3) -> 0.288 | C4: =(B5-B4)/B4 -> -0.48263889 | D4: =SUMIF(gamma2_daily!D:D,A4,gamma2_daily!B:B) -> 1403336
A5: 2016-11 | B5: =ROUND(AVERAGEIF(gamma2_daily!D:D,A5,gamma2_daily!C:C),3) -> 0.149 | C5: =(B6-B5)/B5 -> -0.61744966 | D5: =SUMIF(gamma2_daily!D:D,A5,gamma2_daily!B:B) -> 1230129
A6: 2016-12 | B6: =ROUND(AVERAGEIF(gamma2_daily!D:D,A6,gamma2_daily!C:C),3) -> 0.057 | C6: =(B7-B6)/B6 -> -0.31578947 | D6: =SUMIF(gamma2_daily!D:D,A6,gamma2_daily!B:B) -> 1293857
A7: 2017-01 | B7: =ROUND(AVERAGEIF(gamma2_daily!D:D,A7,gamma2_daily!C:C),3) -> 0.039 | C7: =(B8-B7)/B7 -> 0 | D7: =SUMIF(gamma2_daily!D:D,A7,gamma2_daily!B:B) -> 1427817
A8: 2017-02 | B8: =ROUND(AVERAGEIF(gamma2_daily!D:D,A8,gamma2_daily!C:C),3) -> 0.039 | C8: =(B9-B8)/B8 -> -0.025641026 | D8: =SUMIF(gamma2_daily!D:D,A8,gamma2_daily!B:B) -> 1385607
A9: 2017-03 | B9: =ROUND(AVERAGEIF(gamma2_daily!D:D,A9,gamma2_daily!C:C),3) -> 0.038 | C9: =(B10-B9)/B9 -> -0.21052632 | D9: =SUMIF(gamma2_daily!D:D,A9,gamma2_daily!B:B) -> 1387372
A10: 2017-04 | B10: =ROUND(AVERAGEIF(gamma2_daily!D:D,A10,gamma2_daily!C:C),3) -> 0.03 | C10: =(B11-B10)/B10 -> 0 | D10: =SUMIF(gamma2_daily!D:D,A10,gamma2_daily!B:B) -> 944016
A11: 2017-05 | B11: =ROUND(AVERAGEIF(gamma2_daily!D:D,A11,gamma2_daily!C:C),3) -> 0.03 | C11: =(B12-B11)/B11 -> 0 | D11: =SUMIF(gamma2_daily!D:D,A11,gamma2_daily!B:B) -> 944134
A12: 2017-06 | B12: =ROUND(AVERAGEIF(gamma2_daily!D:D,A12,gamma2_daily!C:C),3) -> 0.03 | C12: =(B13-B12)/B12 -> 0 | D12: =SUMIF(gamma2_daily!D:D,A12,gamma2_daily!B:B) -> 967440
A13: 2017-07 | B13: =ROUND(AVERAGEIF(gamma2_daily!D:D,A13,gamma2_daily!C:C),3) -> 0.03 | C13: =(B14-B13)/B13 -> 0 | D13: =SUMIF(gamma2_daily!D:D,A13,gamma2_daily!B:B) -> 975172
A14: 2017-08 | B14: =ROUND(AVERAGEIF(gamma2_daily!D:D,A14,gamma2_daily!C:C),3) -> 0.03 | C14: =(B15-B14)/B14 -> 0 | D14: =SUMIF(gamma2_daily!D:D,A14,gamma2_daily!B:B) -> 1212289
... A59: 2021-05 | B59: =ROUND(AVERAGEIF(gamma2_daily!D:D,A59,gamma2_daily!C:C),3) -> 0.29 | C59: =(B60-B59)/B59 -> 0.34827586 | D59: =SUMIF(gamma2_daily!D:D,A59,gamma2_daily!B:B) -> 1676109
A60: 2021-06 | B60: =ROUND(AVERAGEIF(gamma2_daily!D:D,A60,gamma2_daily!C:C),3) -> 0.391 | C60: =(B61-B60)/B60 -> 0.040920716 | D60: =SUMIF(gamma2_daily!D:D,A60,gamma2_daily!B:B) -> 1284889 | G60: =B60/$B$60*100 -> 100
A61: 2021-07 | B61: =ROUND(AVERAGEIF(gamma2_daily!D:D,A61,gamma2_daily!C:C),3) -> 0.407 | C61: =(B62-B61)/B61 -> 0.10810811 | D61: =SUMIF(gamma2_daily!D:D,A61,gamma2_daily!B:B) -> 724552 | G61: =B61/$B$60*100 -> 104.09207
A62: 2021-08 | B62: =ROUND(AVERAGEIF(gamma2_daily!D:D,A62,gamma2_daily!C:C),3) -> 0.451 | C62: =(B63-B62)/B62 -> 0.14634146 | D62: =SUMIF(gamma2_daily!D:D,A62,gamma2_daily!B:B) -> 649753 | G62: =B62/$B$60*100 -> 115.34527
A63: 2021-09 | B63: =ROUND(AVERAGEIF(gamma2_daily!D:D,A63,gamma2_daily!C:C),3) -> 0.517 | C63: =(B64-B63)/B63 -> -0.33462282 | D63: =SUMIF(gamma2_daily!D:D,A63,gamma2_daily!B:B) -> 584634 | G63: =B63/$B$60*100 -> 132.22506
A64: 2021-10 | B64: =ROUND(AVERAGEIF(gamma2_daily!D:D,A64,gamma2_daily!C:C),3) -> 0.344 | C64: =(B65-B64)/B64 -> -0.1627907 | D64: =SUMIF(gamma2_daily!D:D,A64,gamma2_daily!B:B) -> 435483 | G64: =B64/$B$60*100 -> 87.97954
A65: 2021-11 | B65: =ROUND(AVERAGEIF(gamma2_daily!D:D,A65,gamma2_daily!C:C),3) -> 0.288 | C65: =(B66-B65)/B65 -> 0.19097222 | D65: =SUMIF(gamma2_daily!D:D,A65,gamma2_daily!B:B) -> 506557 | G65: =B65/$B$60*100 -> 73.657289
A66: 2021-12 | B66: =ROUND(AVERAGEIF(gamma2_daily!D:D,A66,gamma2_daily!C:C),3) -> 0.343 | C66: =(B67-B66)/B66 -> 0.34693878 | D66: =SUMIF(gamma2_daily!D:D,A66,gamma2_daily!B:B) -> 423573 | G66: =B66/$B$60*100 -> 87.723785
A67: 2022-01 | B67: =ROUND(AVERAGEIF(gamma2_daily!D:D,A67,gamma2_daily!C:C),3) -> 0.462 | C67: =(B68-B67)/B67 -> 0.1969697 | D67: =SUMIF(gamma2_daily!D:D,A67,gamma2_daily!B:B) -> 508821 | E67: 1014245 | F67: =E67/D67 -> 1.9933238 | G67: =B67/$B$60*100 -> 118.15857
A68: 2022-02 | B68: =ROUND(AVERAGEIF(gamma2_daily!D:D,A68,gamma2_daily!C:C),3) -> 0.553 | C68: =(B69-B68)/B68 -> 0.24231465 | D68: =SUMIF(gamma2_daily!D:D,A68,gamma2_daily!B:B) -> 455723 | E68: 812915 | F68: =E68/D68 -> 1.7837919 | G68: =B68/$B$60*100 -> 141.43223
A69: 2022-03 | B69: =ROUND(AVERAGEIF(gamma2_daily!D:D,A69,gamma2_daily!C:C),3) -> 0.687 | C69: =(B70-B69)/B69 -> 0.38136827 | D69: =SUMIF(gamma2_daily!D:D,A69,gamma2_daily!B:B) -> 559290 | E69: 1130104 | F69: =E69/D69 -> 2.0206047 | G69: =B69/$B$60*100 -> 175.70332
A70: 2022-04 | B70: =ROUND(AVERAGEIF(gamma2_daily!D:D,A70,gamma2_daily!C:C),3) -> 0.949 | C70: =(B71-B70)/B70 -> -0.026343519 | D70: =SUMIF(gamma2_daily!D:D,A70,gamma2_daily!B:B) -> 482897 | E70: 907882 | F70: =E70/D70 -> 1.8800738 | G70: =B70/$B$60*100 -> 242.711
A71: 2022-05 | B71: =ROUND(AVERAGEIF(gamma2_daily!D:D,A71,gamma2_daily!C:C),3) -> 0.924 | C71: =(B72-B71)/B71 -> -0.05952381 | D71: =SUMIF(gamma2_daily!D:D,A71,gamma2_daily!B:B) -> 454668 | E71: 997151 | F71: =E71/D71 -> 2.1931409 | G71: =B71/$B$60*100 -> 236.31714
A72: 2022-06 | B72: =ROUND(AVERAGEIF(gamma2_daily!D:D,A72,gamma2_daily!C:C),3) -> 0.869 | C72: =(B73-B72)/B72 -> 0.063291139 | D72: =SUMIF(gamma2_daily!D:D,A72,gamma2_daily!B:B) -> 416063 | E72: 746439 | F72: =E72/D72 -> 1.7940528 | G72: =B72/$B$60*100 -> 222.25064
A73: 2022-07 | B73: =ROUND(AVERAGEIF(gamma2_daily!D:D,A73,gamma2_daily!C:C),3) -> 0.924 | C73: =(B74-B73)/B73 -> 0.10281385 | D73: =SUMIF(gamma2_daily!D:D,A73,gamma2_daily!B:B) -> 426102 | E73: 885090 | F73: =E73/D73 -> 2.0771787 | G73: =B73/$B$60*100 -> 236.31714
A74: 2022-08 | B74: =ROUND(AVERAGEIF(gamma2_daily!D:D,A74,gamma2_daily!C:C),3) -> 1.019 | C74: =(B75-B74)/B74 -> -0.08734053 | D74: =SUMIF(gamma2_daily!D:D,A74,gamma2_daily!B:B) -> 393582 | E74: 795821 | F74: =E74/D74 -> 2.0219954 | G74: =B74/$B$60*100 -> 260.61381
A75: 2022-09 | B75: =ROUND(AVERAGEIF(gamma2_daily!D:D,A75,gamma2_daily!C:C),3) -> 0.93 | C75: =(B76-B75)/B75 -> -0.022580645 | D75: =SUMIF(gamma2_daily!D:D,A75,gamma2_daily!B:B) -> 371248 | E75: 714150 | F75: =E75/D75 -> 1.9236467 | G75: =B75/$B$60*100 -> 237.85166
A76: 2022-10 | B76: =ROUND(AVERAGEIF(gamma2_daily!D:D,A76,gamma2_daily!C:C),3) -> 0.909 | C76: =(B77-B76)/B76 -> -0.110011 | D76: =SUMIF(gamma2_daily!D:D,A76,gamma2_daily!B:B) -> 342569 | E76: 567901 | F76: =E76/D76 -> 1.6577711 | G76: =B76/$B$60*100 -> 232.48082
A77: 2022-11 | B77: =ROUND(AVERAGEIF(gamma2_daily!D:D,A77,gamma2_daily!C:C),3) -> 0.809 | C77: =(B78-B77)/B77 -> 0.044499382 | D77: =SUMIF(gamma2_daily!D:D,A77,gamma2_daily!B:B) -> 301332 | E77: 581197 | F77: =E77/D77 -> 1.9287596 | G77: =B77/$B$60*100 -> 206.90537
A78: 2022-12 | B78: =ROUND(AVERAGEIF(gamma2_daily!D:D,A78,gamma2_daily!C:C),3) -> 0.845 | C78: =(B79-B78)/B78 -> 0.18106509 | D78: =SUMIF(gamma2_daily!D:D,A78,gamma2_daily!B:B) -> 366922 | E78: 571700 | F78: =E78/D78 -> 1.5580968 | G78: =B78/$B$60*100 -> 216.11253
... A113: 2025-11 | B113: =ROUND(AVERAGEIF(gamma2_daily!D:D,A113,gamma2_daily!C:C),3) -> 4.783 | C113: =(B114-B113)/B113 -> 0.23729877 | D113: =SUMIF(gamma2_daily!D:D,A113,gamma2_daily!B:B) -> 146100 | E113: 537397 | F113: =E113/D113 -> 3.678282 | G113: =B113/$B$60*100 -> 1223.2737
A114: 2025-12 | B114: =ROUND(AVERAGEIF(gamma2_daily!D:D,A114,gamma2_daily!C:C),3) -> 5.918 | D114: =SUMIF(gamma2_daily!D:D,A114,gamma2_daily!B:B) -> 134126 | E114: 189516 | F114: =E114/D114 -> 1.4129699 | G114: =B114/$B$60*100 -> 1513.555

Sheet BTC_daily
A1: date | B1: close | C1: Volume | D1: month
A2: 42600 | B2: 574.31799 | C2: 59896600 | D2: =TEXT(A2,"YYYY-MM") -> 2016-08
A3: 42601 | B3: 575.63 | C3: 50631600 | D3: =TEXT(A3,"YYYY-MM") -> 2016-08
A4: 42602 | B4: 581.69702 | C4: 45301400 | D4: =TEXT(A4,"YYYY-MM") -> 2016-08
A5: 42603 | B5: 581.30798 | C5: 38299400 | D5: =TEXT(A5,"YYYY-MM") -> 2016-08
A6: 42604 | B6: 586.75299 | C6: 72844000 | D6: =TEXT(A6,"YYYY-MM") -> 2016-08
A7: 42605 | B7: 583.41498 | C7: 85349200 | D7: =TEXT(A7,"YYYY-MM") -> 2016-08
A8: 42606 | B8: 580.18201 | C8: 56328200 | D8: =TEXT(A8,"YYYY-MM") -> 2016-08
A9: 42607 | B9: 577.76099 | C9: 136130000 | D9: =TEXT(A9,"YYYY-MM") -> 2016-08
A10: 42608 | B10: 579.651 | C10: 48856800 | D10: =TEXT(A10,"YYYY-MM") -> 2016-08
A11: 42609 | B11: 569.94702 | C11: 59698300 | D11: =TEXT(A11,"YYYY-MM") -> 2016-08
A12: 42610 | B12: 573.91199 | C12: 86301600 | D12: =TEXT(A12,"YYYY-MM") -> 2016-08
A13: 42611 | B13: 574.10699 | C13: 110398000 | D13: =TEXT(A13,"YYYY-MM") -> 2016-08
... A3424: 46022 | B3424: 87508.825 | C3424: 3.3830211e+10 | D3424: =TEXT(A3424,"YYYY-MM") -> 2025-12

Sheet BTC_monthly
A1: {=UNIQUE(BTC_daily!D:D)} -> month | B1: price_avg | C1: btc_index_rare | D1: btc_return
A2: 2016-08 | B2: =AVERAGEIF(BTC_daily!D:D, A2, BTC_daily!B:B) -> 577.97542 | D2: =(B3-B2)/B2 -> 0.048225594
A3: 2016-09 | B3: =AVERAGEIF(BTC_daily!D:D, A3, BTC_daily!B:B) -> 605.84863 | D3: =(B4-B3)/B3 -> 0.062230564
A4: 2016-10 | B4: =AVERAGEIF(BTC_daily!D:D, A4, BTC_daily!B:B) -> 643.55093 | D4: =(B5-B4)/B4 -> 0.12865829
A5: 2016-11 | B5: =AVERAGEIF(BTC_daily!D:D, A5, BTC_daily!B:B) -> 726.3491 | D5: =(B6-B5)/B5 -> 0.14003081
A6: 2016-12 | B6: =AVERAGEIF(BTC_daily!D:D, A6, BTC_daily!B:B) -> 828.06036 | D6: =(B7-B6)/B6 -> 0.10489067
A7: 2017-01 | B7: =AVERAGEIF(BTC_daily!D:D, A7, BTC_daily!B:B) -> 914.91616 | D7: =(B8-B7)/B7 -> 0.1613454
A8: 2017-02 | B8: =AVERAGEIF(BTC_daily!D:D, A8, BTC_daily!B:B) -> 1062.5337 | D8: =(B9-B8)/B8 -> 0.062898295
A9: 2017-03 | B9: =AVERAGEIF(BTC_daily!D:D, A9, BTC_daily!B:B) -> 1129.3652 | D9: =(B10-B9)/B9 -> 0.068424082
A10: 2017-04 | B10: =AVERAGEIF(BTC_daily!D:D, A10, BTC_daily!B:B) -> 1206.641 | D10: =(B11-B10)/B10 -> 0.57079323
A11: 2017-05 | B11: =AVERAGEIF(BTC_daily!D:D, A11, BTC_daily!B:B) -> 1895.3835 | D11: =(B12-B11)/B11 -> 0.39085536
A12: 2017-06 | B12: =AVERAGEIF(BTC_daily!D:D, A12, BTC_daily!B:B) -> 2636.2043 | D12: =(B13-B12)/B12 -> -0.044300799
A13: 2017-07 | B13: =AVERAGEIF(BTC_daily!D:D, A13, BTC_daily!B:B) -> 2519.4184 | D13: =(B14-B13)/B13 -> 0.54043093
... A59: 2021-05 | B59: =AVERAGEIF(BTC_daily!D:D, A59, BTC_daily!B:B) -> 46443.286 | D59: =(B60-B59)/B59 -> -0.22819512
A60: 2021-06 | B60: =AVERAGEIF(BTC_daily!D:D, A60, BTC_daily!B:B) -> 35845.155 | C60: =B60/$B$60*100 -> 100 | D60: =(B61-B60)/B60 -> -0.039061936
A61: 2021-07 | B61: =AVERAGEIF(BTC_daily!D:D, A61, BTC_daily!B:B) -> 34444.974 | C61: =B61/$B$60*100 -> 96.093806 | D61: =(B62-B61)/B61 -> 0.32701575
A62: 2021-08 | B62: =AVERAGEIF(BTC_daily!D:D, A62, BTC_daily!B:B) -> 45709.023 | C62: =B62/$B$60*100 -> 127.51799 | D62: =(B63-B62)/B62 -> 0.0050482207
A63: 2021-09 | B63: =AVERAGEIF(BTC_daily!D:D, A63, BTC_daily!B:B) -> 45939.772 | C63: =B63/$B$60*100 -> 128.16173 | D63: =(B64-B63)/B63 -> 0.2606064
A64: 2021-10 | B64: =AVERAGEIF(BTC_daily!D:D, A64, BTC_daily!B:B) -> 57911.971 | C64: =B64/$B$60*100 -> 161.5615 | D64: =(B65-B64)/B64 -> 0.046786846
A65: 2021-11 | B65: =AVERAGEIF(BTC_daily!D:D, A65, BTC_daily!B:B) -> 60621.489 | C65: =B65/$B$60*100 -> 169.12046 | D65: =(B66-B65)/B65 -> -0.18736392
A66: 2021-12 | B66: =AVERAGEIF(BTC_daily!D:D, A66, BTC_daily!B:B) -> 49263.209 | C66: =B66/$B$60*100 -> 137.43338 | D66: =(B67-B66)/B66 -> -0.16541323
A67: 2022-01 | B67: =AVERAGEIF(BTC_daily!D:D, A67, BTC_daily!B:B) -> 41114.423 | C67: =B67/$B$60*100 -> 114.70008 | D67: =(B68-B67)/B67 -> -0.0085358995
A68: 2022-02 | B68: =AVERAGEIF(BTC_daily!D:D, A68, BTC_daily!B:B) -> 40763.474 | C68: =B68/$B$60*100 -> 113.72102 | D68: =(B69-B68)/B68 -> 0.029505911
A69: 2022-03 | B69: =AVERAGEIF(BTC_daily!D:D, A69, BTC_daily!B:B) -> 41966.238 | C69: =B69/$B$60*100 -> 117.07646 | D69: =(B70-B69)/B69 -> -0.012651074
A70: 2022-04 | B70: =AVERAGEIF(BTC_daily!D:D, A70, BTC_daily!B:B) -> 41435.32 | C70: =B70/$B$60*100 -> 115.59531 | D70: =(B71-B70)/B70 -> -0.23464247
A71: 2022-05 | B71: =AVERAGEIF(BTC_daily!D:D, A71, BTC_daily!B:B) -> 31712.834 | C71: =B71/$B$60*100 -> 88.471745 | D71: =(B72-B71)/B71 -> -0.23110985
... A113: 2025-11 | B113: =AVERAGEIF(BTC_daily!D:D, A113, BTC_daily!B:B) -> 96271.798 | C113: =B113/$B$60*100 -> 268.57688 | D113: =(B114-B113)/B113 -> -0.076297381
A114: 2025-12 | B114: =AVERAGEIF(BTC_daily!D:D, A114, BTC_daily!B:B) -> 88926.512 | C114: =B114/$B$60*100 -> 248.08517

Sheet metrics
A1: asset | B1: total_return | C1: monthly_volatility
A2: Gamma 2 case | B2: =(asset_comparison!B56-100)/100 -> 14.13555 | C2: =STDEV(gamma2_monthly!C2:C1000) -> 0.22630649
A3: BTC | B3: =(asset_comparison!C56-100)/100 -> 1.4808517 | C3: =STDEV(BTC_monthly!D2:D1000) -> 0.19972743
A4: SPY | B4: =(asset_comparison!D56-100)/100 -> 0.70856628 | C4: =STDEV(SPY_monthly!D2:D1000) -> 0.035282498

Sheet asset_comparison
A1: month | B1: gamma2_index_rare | C1: btc_index_rare | D1: spy_index_rare
A2: {=gamma2_monthly!A60:A826} -> 2021-06 | B2: =VLOOKUP(A2,gamma2_monthly!A:G,7,FALSE) -> 100 | C2: =VLOOKUP(A2, BTC_monthly!A:C, 3, FALSE) -> 100 | D2: =VLOOKUP(A2, SPY_monthly!A:C, 3, FALSE) -> 100
A3: 2021-07 | B3: =VLOOKUP(A3,gamma2_monthly!A:G,7,FALSE) -> 104.09207 | C3: =VLOOKUP(A3, BTC_monthly!A:C, 3, FALSE) -> 96.093806 | D3: =VLOOKUP(A3, SPY_monthly!A:C, 3, FALSE) -> 103.06202
A4: 2021-08 | B4: =VLOOKUP(A4,gamma2_monthly!A:G,7,FALSE) -> 115.34527 | C4: =VLOOKUP(A4, BTC_monthly!A:C, 3, FALSE) -> 127.51799 | D4: =VLOOKUP(A4, SPY_monthly!A:C, 3, FALSE) -> 105.29457
A5: 2021-09 | B5: =VLOOKUP(A5,gamma2_monthly!A:G,7,FALSE) -> 132.22506 | C5: =VLOOKUP(A5, BTC_monthly!A:C, 3, FALSE) -> 128.16173 | D5: =VLOOKUP(A5, SPY_monthly!A:C, 3, FALSE) -> 105.22427
A6: 2021-10 | B6: =VLOOKUP(A6,gamma2_monthly!A:G,7,FALSE) -> 87.97954 | C6: =VLOOKUP(A6, BTC_monthly!A:C, 3, FALSE) -> 161.5615 | D6: =VLOOKUP(A6, SPY_monthly!A:C, 3, FALSE) -> 105.68127
A7: 2021-11 | B7: =VLOOKUP(A7,gamma2_monthly!A:G,7,FALSE) -> 73.657289 | C7: =VLOOKUP(A7, BTC_monthly!A:C, 3, FALSE) -> 169.12046 | D7: =VLOOKUP(A7, SPY_monthly!A:C, 3, FALSE) -> 110.67893
A8: 2021-12 | B8: =VLOOKUP(A8,gamma2_monthly!A:G,7,FALSE) -> 87.723785 | C8: =VLOOKUP(A8, BTC_monthly!A:C, 3, FALSE) -> 137.43338 | D8: =VLOOKUP(A8, SPY_monthly!A:C, 3, FALSE) -> 111.01233
A9: 2022-01 | B9: =VLOOKUP(A9,gamma2_monthly!A:G,7,FALSE) -> 118.15857 | C9: =VLOOKUP(A9, BTC_monthly!A:C, 3, FALSE) -> 114.70008 | D9: =VLOOKUP(A9, SPY_monthly!A:C, 3, FALSE) -> 108.70663
A10: 2022-02 | B10: =VLOOKUP(A10,gamma2_monthly!A:G,7,FALSE) -> 141.43223 | C10: =VLOOKUP(A10, BTC_monthly!A:C, 3, FALSE) -> 113.72102 | D10: =VLOOKUP(A10, SPY_monthly!A:C, 3, FALSE) -> 105.53368
A11: 2022-03 | B11: =VLOOKUP(A11,gamma2_monthly!A:G,7,FALSE) -> 175.70332 | C11: =VLOOKUP(A11, BTC_monthly!A:C, 3, FALSE) -> 117.07646 | D11: =VLOOKUP(A11, SPY_monthly!A:C, 3, FALSE) -> 104.63296
A12: 2022-04 | B12: =VLOOKUP(A12,gamma2_monthly!A:G,7,FALSE) -> 242.711 | C12: =VLOOKUP(A12, BTC_monthly!A:C, 3, FALSE) -> 115.59531 | D12: =VLOOKUP(A12, SPY_monthly!A:C, 3, FALSE) -> 104.73302
A13: 2022-05 | B13: =VLOOKUP(A13,gamma2_monthly!A:G,7,FALSE) -> 236.31714 | C13: =VLOOKUP(A13, BTC_monthly!A:C, 3, FALSE) -> 88.471745 | D13: =VLOOKUP(A13, SPY_monthly!A:C, 3, FALSE) -> 96.485063
A14: 2022-06 | B14: =VLOOKUP(A14,gamma2_monthly!A:G,7,FALSE) -> 222.25064 | C14: =VLOOKUP(A14, BTC_monthly!A:C, 3, FALSE) -> 68.025053 | D14: =VLOOKUP(A14, SPY_monthly!A:C, 3, FALSE) -> 93.26256
... A56: 2025-12 | B56: =VLOOKUP(A56,gamma2_monthly!A:G,7,FALSE) -> 1513.555 | C56: =VLOOKUP(A56, BTC_monthly!A:C, 3, FALSE) -> 248.08517 | D56: =VLOOKUP(A56, SPY_monthly!A:C, 3, FALSE) -> 170.85663
